s.no,day,initial_conrate,cal_conrate,Est_spend
1,Sunday,82.05993691,135.4873817,644.2425
2,Monday,78.65745856,135.3356354,734.8725
3,Tuesday,77.61643836,130.3458904,570.915
4,Wednesday,0,0,0
5,Thursday,82.2311828,137.8709677,769.32
6,Friday,80.1884058,136.8826087,708.3675
7,Saturday,83.40226629,138.0764873,731.115
